0,0,0,0,0,0,0,0,0,0,0,0,0,0
0.00020000000000000001,0.15643446504023087,1.2794025787089646e-08,-2.5608584338235014e-09,1.1432442359914932e-07,-5.509074271252702e-10,-2.5979547155331991e-09,1.1969947751350282e-07,4.609495604391261e-10,-2.3112723053425039e-09,-7.8323745236881891e-08,4.7382506750749995e-10,-4.7646612072323539e-09,5.5217128610489306e-10
0.00040000000000000002,0.3090169943749474,5.0396124393761142e-08,-1.013600793069988e-08,4.5383220727206301e-07,-2.5178818331798337e-09,-1.0263746536854722e-08,4.7510693191277558e-07,1.7122421046682394e-09,-9.1493515571833921e-09,-3.1036170227352479e-07,1.9267874561162861e-09,-1.8827165748482854e-08,1.5323107444500067e-09
0.00060000000000000006,0.4539904997395468,1.235639061119135e-07,-2.4992412227243199e-08,1.1229500929908614e-06,-7.1918363779451496e-09,-2.52518553089102e-08,1.1754115648783872e-06,3.8950994232553513e-09,-2.2564875445528511e-08,-7.6633428749990068e-07,4.9006085892370183e-09,-4.6333351414508151e-08,1.8785629464415859e-09
0.00080000000000000004,0.58778525229247314,2.413700273805279e-07,-4.9136226753031689e-08,2.2168849266051776e-06,-1.6373700574178934e-08,-4.9520067894409559e-08,2.3200456174149509e-06,6.9147630011803991e-09,-4.437958267540022e-08,-1.5092069063451142e-06,9.9750397613129607e-09,-9.0898620626617607e-08,-6.2748050032871066e-10
0.001,0.70710678118654746,4.1083488369170093e-07,-8.4245081141975375e-08,3.8190870284173775e-06,-3.2426666564914426e-08,-8.4656410167275804e-08,3.9960134587662047e-06,1.0403396542954437e-08,-7.6129204570950941e-08,-2.5928122019350198e-06,1.7765756152647874e-08,-1.5548167599065763e-07,-9.5286458043435222e-09
0.0012000000000000001,0.80901699437494745,6.3663179257989611e-07,-1.3160877980888387e-07,5.9990300039335397e-06,-5.8292906131268012e-08,-1.3181630257898935e-07,6.2755563811048878e-06,1.3695254902447525e-08,-1.1901477994374556e-07,-4.0602292338542981e-06,2.8918261263813648e-08,-2.4227863974036329e-07,-2.9802028514494479e-08
0.0014,0.8910065241883679,9.2087364638826344e-07,-1.920800508651625e-07,8.8103640135947884e-06,-9.7472631489931824e-08,-1.9167170914866956e-07,9.2142131697023305e-06,1.5815278628383772e-08,-1.7386367678703648e-07,-5.9424623608687357e-06,4.4097712991654806e-08,-3.5264052617556305e-07,-6.7905743146752515e-08
0.0016000000000000001,0.95105651629515353,1.262987471169803e-06,-2.6603676630956242e-07,1.2289489736806991e-05,-1.5396483443598371e-07,-2.6437377314483533e-07,1.2849326122431897e-05,1.5481841513978072e-08,-2.4110132621468484e-07,-8.2574545694212354e-06,6.3974762341947769e-08,-4.87016371284068e-07,-1.3175952467021136e-07
0.0018000000000000002,0.98768834059513777,1.6596806162300719e-06,-3.5335681095997453e-07,1.6454589299804581e-05,-2.3217052817998233e-07,-3.4953011649480465e-07,1.7199030553479955e-05,1.1123922873855457e-08,-3.2073437183373814e-07,-1.100946108290828e-05,8.9207675085404849e-08,-6.4492360040594712e-07,-2.3065827263773265e-07
0.002,1,2.1049994969407385e-06,-4.5340649836059467e-07,2.130513857001887e-05,-3.3676078633775174e-07,-4.4619763076198421e-07,2.2261753233246903e-05,9.1250942375089855e-10,-4.1234561995246806e-07,-1.418879953720427e-05,1.2042117941115001e-07,-8.2494645276092387e-07,-3.7511979932580318e-07
0.0022000000000000001,0.98768834059513777,2.5904790019014522e-06,-5.6504312424581345e-07,2.6821912754958539e-05,-4.7251327674089777e-07,-5.5289121296924447e-07,2.8016232011907534e-05,-1.7194433379119543e-08,-5.151008515070305e-07,-1.7771983063266384e-05,1.5818264291137487e-07,-1.0247625014917621e-06,-5.7667018538517709e-07
0.0024000000000000002,0.95105651629515353,3.1053779343091583e-06,-6.8663191829075885e-07,3.2967484498848211e-05,-6.4412227897124115e-07,-6.6760850797101371e-07,3.4422055385163771e-05,-4.5394530836235004e-08,-6.2776723421975337e-07,-2.172223253483736e-05,2.0297632451538423e-07,-1.2411965304842284e-06,-8.475721990232106e-07
0.0026000000000000003,0.8910065241883679,3.6369932639929169e-06,-8.160773098190714e-07,3.9687200969514177e-05,-8.5598831215766957e-07,-7.8787031941697856e-07,4.142070733096094e-05,-8.5972642243983046e-08,-7.4874276197310631e-07,-2.5990354277921073e-05,2.5517656629505103e-07,-1.4703002752923398e-06,-1.2005041389217956e-06
0.0028,0.80901699437494745,4.171043593852678e-06,-9.5086807048921614e-07,4.6910614093614193e-05,-1.1119944466369153e-06,-9.1077595291472977e-07,4.8937089716692282e-05,-1.4122349373878588e-07,-8.7609585596927565e-07,-3.0515959954637087e-05,3.1502088209328177e-07,-1.7074558249518742e-06,-1.648198162250008e-06
0.0030000000000000001,0.70710678118654757,4.6921101586908919e-06,-1.0881355448244e-06,5.4553326442803816e-05,-1.4152770983179109e-06,-1.0330723672631057e-06,5.6881482278191768e-05,-2.133675489048897e-07,-1.0076139965834986e-06,-3.5228996372743496e-05,3.8258396120967898e-07,-1.9474998329586937e-06,-2.2030486080587477e-06
0.0032000000000000002,0.58778525229247325,5.1841219335938699e-06,-1.2247238361543412e-06,6.2519204591669007e-05,-1.7679995833706141e-06,-1.1512356420144889e-06,6.5151888915993968e-05,-3.0446263707097559e-07,-1.14086002271522e-06,-4.0051544862510863e-05,4.5775363336765532e-07,-2.1848651161248341e-06,-2.8767019806575503e-06
0.0034000000000000002,0.45399049973954647,5.6308700811821391e-06,-1.3572704895530675e-06,7.070290233004326e-05,-2.1711369258844746e-06,-1.261562931276227e-06,7.3636709125383831e-05,-4.163140622072262e-07,-1.2732345426969299e-06,-4.4899842811414197e-05,5.4020983434520174e-07,-2.4137357441308326e-06,-3.6796410828373806e-06
0.0036000000000000003,0.30901699437494712,6.016536049157165e-06,-1.4822959130194467e-06,7.8992628155692289e-05,-2.6242803529427438e-06,-1.360272773219301e-06,8.2217665025105787e-05,-5.5038604301650342e-07,-1.4020427520946777e-06,-4.9686474133501772e-05,6.2940756949431762e-07,-2.6282113525488742e-06,-4.620776259464741e-06
0.0038,0.15643446504023142,6.3262171665029236e-06,-1.5962995114589797e-06,8.7273085198599711e-05,-3.1254695787848374e-06,-1.443611370147054e-06,9.0772907885422634e-05,-7.0771738262259862e-07,-1.5245638524331724e-06,-5.4322671021574398e-05,7.2456479549519748e-07,-2.8224761572547865e-06,-5.7070568120702957e-06
0.0040000000000000001,0,6.5464335906398874e-06,-1.695860282447041e-06,9.5428507292834525e-05,-3.6710603791937137e-06,-1.5079622521842469e-06,9.9180223444195691e-05,-8.8884423171111402e-07,-1.6381212130842851e-06,-5.8720666398138772e-05,8.2465603074980868e-07,-2.9909680147468375e-06,-6.943115368656129e-06
0.0042000000000000006,0,6.678394953780308e-06,-1.7803003034324288e-06,0.00010346003685083341,-4.2561850111768647e-06,-1.5525545492763883e-06,0.00010743995223243793,-1.0932717421998731e-06,-1.7424626892980098e-06,-6.2874358864031991e-05,9.2888618956720407e-07,-3.1333075252113294e-06,-8.330405173057804e-06
0.0044000000000000003,0,6.7248498975446935e-06,-1.8491185563411582e-06,0.00011137092654084103,-4.8744725713556355e-06,-1.576845125230015e-06,0.00011555475182789177,-1.3200115648928111e-06,-1.8374197304965603e-06,-6.6780323924725619e-05,1.0362551551488199e-06,-3.2494571666845625e-06,-9.8681743113710279e-06
0.0045999999999999999,0,6.6899706670154464e-06,-1.9020108545626181e-06,0.00011916642461428883,-5.5181692908592922e-06,-1.5805344293086882e-06,0.00012352947115931004,-1.567598119570664e-06,-1.9228996961517303e-06,-7.0437712646291117e-05,1.1455768279064445e-06,-3.33970722415883e-06,-1.1553538680040792e-05
0.0048000000000000004,0,6.5792114904867284e-06,-1.9388887117331257e-06,0.00012685362552788271,-6.1782861984824097e-06,-1.5635806401989429e-06,0.00013137098725315993,-1.8341126495248483e-06,-1.9988771102693423e-06,-7.3848112812689286e-05,1.2555021953600247e-06,-3.4046570506738546e-06,-1.338158673543571e-05
0.0050000000000000001,0,6.399144423656056e-06,-1.9598965068221008e-06,0.00013444128919502151,-6.8447706256372421e-06,-1.5262116400184111e-06,0.00013908800820282242,-2.1172146770546989e-06,-2.0653841954892912e-06,-7.7015376338601376e-05,1.3645458880817709e-06,-3.4451922058700689e-06,-1.534551361732331e-05
0.0052000000000000006,0,6.1572767077587744e-06,-1.9654263014018115e-06,0.00014193963268320782,-7.5066976352432057e-06,-1.4689343644168912e-06,0.00014669084665963763,-2.4141803653258112e-06,-2.1225010359434008e-06,-7.994541719043333e-05,1.4711156261831858e-06,-3.4624580701917255e-06,-1.7436781812003954e-05
0.0054000000000000003,0,5.8618539672315815e-06,-1.9561296856790263e-06,0.00014936009857799323,-8.1524771534680508e-06,-1.3925410969503144e-06,0.0001541911685740367,-2.7219471865595635e-06,-2.1703457153553427e-06,-8.2645984473513824e-05,1.5735439140207747e-06,-3.4578305704575806e-06,-1.9645305147947156e-05
0.0055999999999999999,0,5.521653750747522e-06,-1.9329260695389151e-06,0.00015671510455442621,-8.7700723718656558e-06,-1.2981123115284092e-06,0.00016160172224800415,-3.037164198476192e-06,-2.2090647637659108e-06,-8.5126415650892785e-05,1.6701213077437023e-06,-3.4328846747526365e-06,-2.1959652602690875e-05
0.0058000000000000005,0,5.145773998873506e-06,-1.8970068926540119e-06,0.00016401777893024642,-9.347224869696696e-06,-1.1870157152370963e-06,0.00016893605299361528,-3.3562471418969231e-06,-2.2388242233611206e-06,-8.7397375065542782e-05,1.7591305613561592e-06,-3.3893613217939306e-06,-2.436726814857489e-05
0.0060000000000000001,0,4.7434210032439474e-06,-1.8498353023283276e-06,0.00017128168711912176,-9.871681881900012e-06,-1.0609012042666466e-06,0.00017620820882468789,-3.6754374940077493e-06,-2.2598016120729421e-06,-8.94705830421758e-05,1.8388809521673354e-06,-3.3291334426919391e-06,-2.6854702679590151e-05
0.0062000000000000006,0,4.323701309120378e-06,-1.7931409374282903e-06,0.00017852055395661131,-1.0331421205267186e-05,-9.2169151677403516e-07,0.0001834324426398521,-3.990864545478476e-06,-2.2721790240501242e-06,-9.1358540848273436e-05,1.9077420956225293e-06,-3.2541717122905281e-06,-2.940785394414077e-05
0.0064000000000000003,0,3.8954218105118198e-06,-1.7289095593595533e-06,0.00018574798683739896,-1.0714869390050951e-05,-7.7156844672843568e-07,0.00019062291628759765,-4.2986095167584587e-06,-2.2761375600938407e-06,-9.307425669912895e-05,1.9641765820515493e-06,-3.1665106342281567e-06,-3.2012210359619397e-05
0.0066,0,3.4669020013962409e-06,-1.6593673841103771e-06,0.00019297720448236579,-1.1011109101054021e-05,-6.1295457034441328e-07,0.00019779341174086296,-4.5947706906064889e-06,-2.2718532302104315e-06,-9.4630977803328696e-05,2.006770803085536e-06,-3.0682155199659722e-06,-3.4653094604069934e-05
0.0068000000000000005,0,3.0458019862865558e-06,-1.5869600901569269e-06,0.00020022077595238002,-1.1210071844253663e-05,-4.4849052960888352e-07,0.00020495705435588784,-4.8755285152248444e-06,-2.2594944161534254e-06,-9.6041933169403794e-05,2.0342633824000715e-06,-2.9613508689127409e-06,-3.7315902966426502e-05
0.0070000000000000001,0,2.6389694280300003e-06,-1.5143266025699831e-06,0.00020749037424775551,-1.1302712633966552e-05,-2.8100801351288596e-07,0.00021212605285425161,-5.1372096259928668e-06,-2.2392209258764475e-06,-9.7320091539073979e-05,2.0455706828540922e-06,-2.8479505962224199e-06,-3.9986336587396511e-05
0.0072000000000000007,0,2.2523081310090971e-06,-1.4442678809035419e-06,0.00021479654848485094,-1.1281163612091607e-05,-1.1349867466217699e-07,0.00021931146025647595,-5.3763487442117967e-06,-2.2111846158821237e-06,-9.8477938386574824e-05,2.0398089286466081e-06,-2.7299904887201067e-06,-4.2650620934505995e-05
0.0074000000000000003,0,1.8906704353498699e-06,-1.3797110642559336e-06,0.00022214851823199727,-1.1138864114844299e-05,5.0920685333748959e-08,0.00022652295951964746,-5.5897474386801314e-06,-2.1755315031848241e-06,-9.9527275437065677e-05,2.0163125552951351e-06,-2.6093631996370327e-06,-4.52957101227209e-05
0.0076,0,1.5577750444278415e-06,-1.3236694481660302e-06,0.00022955399312450957,-1.0870665202719386e-05,2.0904623619833333e-07,0.00023376867710050343,-5.7745287802228562e-06,-2.1324052375873872e-06,-0.00010047904562096448,1.974648480426616e-06,-2.4878560213054498e-06,-4.7909473011108307e-05
0.0078000000000000005,0,1.2561513362803446e-06,-1.2791988817276289e-06,0.00023701902037233586,-1.0472907214879023e-05,3.5762803332255758e-07,0.0002410550270903479,-5.9281869801000033e-06,-2.0819517586670222e-06,-0.00010134318580676557,1.9146260728594026e-06,-2.3671316035191119e-06,-5.0480858370161406e-05
0.0080000000000000002,0,9.8711063189795102e-07,-1.2493512766262167e-06,0.00024454786223384825,-9.9434694682706223e-06,4.9341313612888169e-07,0.00024838658796055277,-6.0486311798135012e-06,-2.0243249215809065e-06,-0.00010212850905436269,1.8363026844967839e-06,-2.2487117156389911e-06,-5.3000036816976931e-05
0.0082000000000000007,0,7.5074432195798115e-07,-1.2371260101076929e-06,0.0002521429049656679,-9.2817917831025987e-06,6.1319027221516371e-07,0.00025576601332905448,-6.1342226512046319e-06,-1.9596928426558912e-06,-0.00010284261751615736,1.7399846973920659e-06,-2.1339640843054473e-06,-5.5458517649202654e-05
0.0084000000000000012,0,5.4594820007706303e-07,-1.2454200788542473e-06,0.00025980460018168162,-8.4888680686997e-06,7.138353324746798e-07,0.0002631939775210494,-6.1838047705806624e-06,-1.888244690620378e-06,-0.00010349184649622297,1.6262241252533466e-06,-2.0240922772146297e-06,-5.7849239165909558e-05
0.0086,0,3.7047182608263332e-07,-1.2769779183900023e-06,0.00026753143897497361,-7.5672127365756518e-06,7.9235693908293119e-07,0.00027066915606272315,-6.1967252473424089e-06,-1.810197632932144e-06,-0.00010408123957014327,1.49581089296229e-06,-1.9201285480260088e-06,-6.0166631536354773e-05
0.0088000000000000005,0,2.2099125719835151e-07,-1.3343418413804369e-06,0.00027531995858447899,-6.5208012108496344e-06,8.4594129942949834e-07,0.00027818824062665734,-6.1728502143625333e-06,-1.7258036393625414e-06,-0.00010461455408094731,1.3497609978060783e-06,-1.8229295090546772e-06,-6.2406651757892663e-05
0.0090000000000000011,0,9.3203047363665472e-08,-1.4198040668633278e-06,0.00028316478083359556,-5.3549862708200642e-06,8.7199554569090361e-07,0.00028574598735231174,-6.1125699221182184e-06,-1.6353558469624916e-06,-0.00010509429577019706,1.1893008306049361e-06,-1.7331744576846916e-06,-6.4566790723969312e-05
0.0091999999999999998,0,-1.8062967138966496e-08,-1.5353613103455422e-06,0.00029105868104005586,-4.0763923785505118e-06,8.6818876239549398e-07,0.00029333529690470474,-6.0167959190502297e-06,-1.5391942016443298e-06,-0.0001055217807872291,1.0158480024446116e-06,-1.6513661498810105e-06,-6.6646052894209356e-05
0.0094000000000000004,0,-1.1871489768010174e-07,-1.6826728815768995e-06,0.00029899268560365207,-2.6927905088344322e-06,8.324899232877238e-07,0.00030094732411822778,-5.8869497443897134e-06,-1.4377101114954558e-06,-0.0001058972228522403,8.3098908214520025e-07,-1.5778337899846023e-06,-6.8644909513347437e-05
0.0096000000000000009,0,-2.1525710415599024e-07,-1.8630231928995577e-06,0.00030695619602868097,-1.2129563042667603e-06,7.6320199396916333e-07,0.00030857161460849701,-5.7249433042427905e-06,-1.3313498749820457e-06,-0.00010621984293759727,6.3645469995349224e-07,-1.5127379901064101e-06,-7.0565226756814226e-05
0.0097999999999999997,0,-3.1463880522370905e-07,-2.0772895170642627e-06,0.00031493713673804618,3.5348537992344537e-07,6.5899150773941007e-07,0.00031619626533017339,-5.5331512444687383e-06,-1.2206166825672924e-06,-0.00010648799848242319,4.3409251347248239e-07,-1.4560774446123138e-06,-7.2410170581293712e-05
0.01,0,-4.2409634777376637e-07,-2.3259157504489798e-06,0.00032292212369159165,1.996226301037344e-06,5.1891298800130466e-07,0.00032380810571841284,-5.3143757722374014e-06,-1.1060710319245779e-06,-0.00010669932887280936,2.2583856198644063e-07,-1.4076970649180863e-06,-7.4184090422273693e-05
0.010200000000000001,0,-5.5099252485265575e-07,-2.6088928372797677e-06,0.0003308966505370877,3.7044476760824055e-06,3.424276704243509e-07,0.0003313928957803625,-5.0718045095532282e-06,-9.883294436688781e-07,-0.00010685091370715247,1.3687554766118909e-08,-1.3672973264020671e-06,-7.5892384201956285e-05
0.010400000000000001,0,-7.026562998275147e-07,-2.9257463946952685e-06,0.00033884528880182973,5.4669966631978447e-06,1.294160703660938e-07,0.00033893553730384937,-4.808962084026486e-06,-8.6806141502302024e-07,-0.00010693944022496648,-2.0033735247449834e-07,-1.3344445918425781e-06,-7.7541347385113969e-05
0.0106,0,-8.8622619513101697e-07,-3.2755319496165011e-06,0.00034675189847830571,7.2725631165331065e-06,-1.19815955853911e-07,0.00034642029422468661,-4.5296562724392618e-06,-7.459846016455925e-07,-0.00010696137620848915,-4.1421474095744077e-07,-1.3085821934131411e-06,-7.9138009043658102e-05
0.010800000000000001,0,-1.1085004404903541e-06,-3.6568380589777209e-06,0.00035459984526989903,9.1098533449910209e-06,-4.0453789527731936e-07,0.00035383101814205224,-4.2379196090678092e-06,-6.228582714835361e-07,-0.00010691314466856937,-6.2595453264872638e-07,-1.2890420768429321e-06,-8.0689958059838656e-05
0.011000000000000001,0,-1.3757967533881435e-06,-4.067797437773592e-06,0.00036237222074196899,1.0967757757005719e-05,-7.2360212899050237e-07,0.00036115137499204055,-3.9379474513934378e-06,-4.9947512746680317e-07,-0.0001067912966974471,-8.3362649764378859e-07,-1.2750568357330074e-06,-8.2205162711073879e-05
0.0112,0,-1.6938243499415778e-06,-4.5061060675890047e-06,0.00037005206166857395,1.2835509481064023e-05,-1.0754583468004802e-06,0.00036836506898034233,-3.6340335591480335e-06,-3.7665164665057913e-07,-0.00010659267900767318,-1.0353871801101439e-06,-1.2657719900502306e-06,-8.3691786935352923e-05
0.0114,0,-2.0675704646296402e-06,-4.9690501049165445e-06,0.00037762256497313542,1.4702831309275923e-05,-1.4581746983573769e-06,0.00037545606003246682,-3.3305042872978275e-06,-2.5521713061104284e-07,-0.0001063145928739971,-1.2295047980337141e-06,-1.2602583893529575e-06,-8.5158006574891172e-05
0.011600000000000001,0,-2.5012033002734074e-06,-5.4535402567912743e-06,0.00038506729482900263,1.6560068612425065e-05,-1.8694654284103782e-06,0.00038240877123928011,-3.0316525186131587e-06,-1.3600170419239455e-07,-0.00010595494144802037,-1.4143817197360346e-06,-1.2575246472381598e-06,-8.6611828838135442e-05
0.0118,0,-2.9979929438370971e-06,-5.9561531442167414e-06,0.00039237037870872634,1.8398306212400599e-05,-2.3067246219965213e-06,0.00038920828305121814,-2.7416724663123199e-06,-1.9823535899642299e-08,-0.000105512362717361,-1.5885741742032761e-06,-1.2565295378219121e-06,-8.8060918108164574e-05
0.012,0,-3.5602513777598929e-06,-6.4731790345618836e-06,0.00039951668944359069,2.0209467564053019e-05,-2.7670655687817701e-06,0.00039584051129981261,-2.4645964616956612e-06,9.2524417687417495e-08,-0.00010498634572488428,-1.7508089114978062e-06,-1.2561943068697773e-06,-8.9512431061757055e-05
0.012200000000000001,0,-4.1892922995862061e-06,-7.0006751954625084e-06,0.00040649201067154405,2.1986394985331425e-05,-3.2473651468401601e-06,0.00040229236649290894,-2.2042348058834998e-06,2.0028781996792036e-07,-0.00010437732804155776,-1.8999965926436971e-06,-1.2554148687101897e-06,-9.09728638514918e-05
0.012400000000000001,0,-4.8854110435231659e-06,-7.5345240074338113e-06,0.00041328318340546304,2.3722910073894673e-05,-3.7443125270703127e-06,0.00040855189223237457,-1.9641197093100791e-06,3.0276417875687101e-07,-0.00010368677289063194,-2.035241754080378e-06,-1.2530738746804819e-06,-9.2447913847587532e-05
0.0126,0,-5.6478844848766221e-06,-8.0704948727914956e-06,0.00041987823183754265,2.5413853852102377e-05,-4.2544614122275917e-06,0.00041460838103200273,-1.7474542684597747e-06,3.9931554739936957e-07,-0.00010291722474285065,-2.155849258739004e-06,-1.2480526491297532e-06,-9.39423581418207e-05
0.012800000000000001,0,-6.474990410355346e-06,-8.6043088766676317e-06,0.00042626646690204585,2.7055106582411883e-05,-4.7742849509897478e-06,0.00042045246626029755,-1.5570673377812853e-06,4.8938036833936403e-07,-0.00010207234263391754,-2.2613272127000946e-06,-1.2392429946757775e-06,-9.5459950688450593e-05
0.013000000000000001,0,-7.3640454616801672e-06,-9.1317050936098696e-06,0.00043243856653998923,2.8643587584085449e-05,-5.300232409109057e-06,0.00042607618938937398,-1.3953750474435416e-06,5.7248413942110876e-07,-0.0001011569108882409,-2.3513863919597823e-06,-1.2255588694102108e-06,-9.7003339602759508e-05
0.0132,0,-8.3114604137793646e-06,-9.6485073917889725e-06,0.00043838663203783513,3.0177235752561722e-05,-5.828786637778971e-06,0.00043147304218890063,-1.2643495965779147e-06,6.4824860639634283e-07,-0.00010017682735904985,-2.4259362868465938e-06,-1.2059479351771213e-06,-9.8574005763107665e-05
0.0134,0,-9.3128112382561363e-06,-1.0150690567107029e-05,0.00044410422024023335,3.1654971828269665e-05,-6.3565213547864305e-06,0.00043663798395465747,-1.1654958191336786e-06,7.1639921644771721e-07,-9.9139069706709305e-05,-2.4850779309547412e-06,-1.1794029682013815e-06,-0.0001001722234740767
0.013600000000000001,0,-1.0362924133013105e-05,-1.0634444641955606e-05,0.00044958635185684322,3.3076643776164037e-05,-6.8801572474255115e-06,0.00044156743429704431,-1.0998358779367838e-06,7.7677060625529532e-07,-9.8051640627362411e-05,-2.5290937360573215e-06,-1.1449731116671615e-06,-0.00010179704355325267
0.013800000000000002,0,-1.1455972474140555e-05,-1.10962361880308e-05,0.00045482949648813366,3.444295691573367e-05,-7.3966159177608733e-06,0.00044625924242842652,-1.0679022946474273e-06,8.2930994327141827e-07,-9.6923493306433564e-05,-2.5584346034196292e-06,-1.1017749349426211e-06,-0.00010344629880940213
0.014,0,-1.258558346958579e-05,-1.1532865579037434e-05,0.0004598315353781278,3.5755390679438947e-05,-7.9030707205454073e-06,0.00045071263427282657,-1.0697393718511952e-06,8.7407798930612291e-07,-9.5764438700293242e-05,-2.5737046244660535e-06,-1.0490032467408607e-06,-0.00010511663149205178
0.014200000000000001,0,-1.3744952167794262e-05,-1.1941519146440376e-05,0.00046459170325720273,3.7016104072155081e-05,-8.3969935914609371e-06,0.00045492813907116117,-1.1049129113578559e-06,9.1124780999795585e-07,-9.4585036539593294e-05,-2.575643719229248e-06,-9.8594159042786604e-07,-0.00010680354191838853
0.014400000000000001,0,-1.4926960399422135e-05,-1.231981529836529e-05,0.00046911051095980031,3.8227832052871377e-05,-8.8761970275679849e-06,0.00045890749746478805,-1.1725279828052055e-06,9.4110111088513077e-07,-9.3396472195373065e-05,-2.5651085889453468e-06,-9.1197232983771443e-07,-0.00010850145712922457
0.0146,0,-1.6124298206253785e-05,-1.2665843766646662e-05,0.00047338965078550524,3.9393775161231584e-05,-9.3388704617997803e-06,0.00046265355330523934,-1.2712543517167586e-06,9.6402223915961033e-07,-9.2210421750877589e-05,-2.543052379231996e-06,-8.265862142814497e-07,-0.00011020381809733791
0.014800000000000001,0,-1.7329585337459136e-05,-1.2978197267849069e-05,0.00047743188681345145,4.0517484765069407e-05,-9.783610367592612e-06,0.00046617013165527871,-1.3993590389891513e-06,9.8048994830745214e-07,-9.1038907775927837e-05,-2.5105034623359282e-06,-7.2939129289938797e-07,-0.00011190318371409839
0.015000000000000001,0,-1.8535490467149473e-05,-1.3255994998522179e-05,0.00048124093257631789,4.1602746311409705e-05,-1.020944353660958e-05,0.00046946190561338453,-1.5547453569838513e-06,9.9106707924044538e-07,-8.9894148405398664e-05,-2.4685437509623767e-06,-6.2012103205154784e-07,-0.00011359134951858305
0.0152,0,-1.9734845905780875e-05,-1.3498897530404233e-05,0.00048482131864903557,4.2653462923882387e-05,-1.0615843090045926e-05,0.00047253425470895899,-1.7349976533606848e-06,9.9638836477393595e-07,-8.878840237859353e-05,-2.4182869523543684e-06,-4.9864147596374432e-07,-0.00011525947891134854
0.0154,0,-2.0920755737438869e-05,-1.3707112824970184e-05,0.00048817825280740758,4.3673541606385446e-05,-1.1002736910054544e-05,0.00047539311767849044,-1.937430894659161e-06,9.9714661304593666e-07,-8.7733812702668002e-05,-2.3608571598776818e-06,-3.6495728116728026e-07,-0.00011689824441587356
0.015600000000000001,0,-2.208669551083423e-05,-1.3881393245685799e-05,0.00049131747546269419,4.4666784189157724e-05,-1.1370508310090315e-05,0.00047804484244399949,-2.1591441392549751e-06,9.9407756845421939e-07,-8.6742251562229141e-05,-2.2973681608267083e-06,-2.1921645010411325e-07,-0.00011849797641683169
0.015800000000000002,0,-2.3226601838774672e-05,-1.4023023607544463e-05,0.00049424511308025808,4.5636784992885522e-05,-1.1719988899013103e-05,0.0004804960360757334,-2.397076885210443e-06,9.8794378480171574e-07,-8.5825169011116353e-05,-2.2289038140632708e-06,-6.1713589206434182e-08,-0.00012004881671738059
0.016,0,-2.4334950513313658e-05,-1.4133800463865166e-05,0.00049696753224487856,4.6586836993362183e-05,-1.2052443731111275e-05,0.00048275341743345644,-2.6480672338554289e-06,9.7951787364385117e-07,-8.49934478541824e-05,-2.1564998201091849e-06,1.071084777597145e-07,-0.00012154087421830097
0.016199999999999999,0,-2.5406822015746484e-05,-1.4216002986884297e-05,0.00049949119694439213,4.7519848048322989e-05,-1.2369548970285972e-05,0.0004848236750478245,-2.908910785453439e-06,9.6956551057207656e-07,-8.4257266960329022e-05,-2.0811271702043649e-06,2.8665889899404454e-07,-0.00012296438002996617
0.016400000000000001,0,-2.6437953585959359e-05,-1.4272355948436609e-05,0.00050182253150972845,4.8438268504538793e-05,-1.2673362428970413e-05,0.00048671333262895221,-3.1764191794023343e-06,9.5882859280189201e-07,-8.3625975047363067e-05,-2.0036775204604413e-06,4.7620092728466254e-07,-0.00012430983938283295
0.0166,0,-2.7424777308110212e-05,-1.4305985447194032e-05,0.0005039677914766632,4.9344031242483705e-05,-1.2966287468519062e-05,0.00048842862437773675,-3.4474772080629883e-06,9.4800894263868085e-07,-8.3107976749145678e-05,-1.924950693488325e-06,6.7485611355988044e-07,-0.00012556817780165768
0.016800000000000002,0,-2.8364443963069088e-05,-1.4320368156917277e-05,0.00050593294442679941,5.0238504943452864e-05,-1.32510308654761e-05,0.00048997538203166869,-3.7190974700727458e-06,9.3775294307753922e-07,-8.2710632521092902e-05,-1.8456444636976441e-06,8.8161065031743422e-07,-0.00012673087915045643
0.017000000000000001,0,-2.9254832686502352e-05,-1.4319274983625227e-05,0.00050772356262700322,5.1122461085490192e-05,-1.3530555355169481e-05,0.00049135893530604833,-3.9884715850619788e-06,9.2863747409220767e-07,-8.2440173666690542e-05,-1.7663467348151365e-06,1.0953239200784254e-06,-0.00012779011333611791
0.0172,0,-3.0094546749288724e-05,-1.4306710116444164e-05,0.00050934472902276632,5.1996054895410864e-05,-1.3808027658524277e-05,0.00049258402709935749,-4.2530170658556695e-06,9.2115749144928451e-07,-8.230163348080023e-05,-1.6875301700054298e-06,1.3147392656812761e-06,-0.00012873885167470313
0.017400000000000002,0,-3.0882896038861226e-05,-1.4286846535435754e-05,0.00051080095785706802,5.2858820209908233e-05,-1.4086762878131584e-05,0.00049365474452384855,-4.5104190349633393e-06,9.1571555473207381e-07,-8.2298795210693047e-05,-1.6095492872397378e-06,1.5384969571366521e-06,-0.00012957096817140678
0.017600000000000001,0,-3.1619867061341294e-05,-1.4263959098551891e-05,0.00051209613088779395,5.3709677934283699e-05,-1.4370166213999424e-05,0.0004945744665051313,-4.7586660775792023e-06,9.1261356846334104e-07,-8.243415723842797e-05,-1.5326399861440152e-06,1.7651492848165716e-06,-0.00013028132523803973
0.0178,0,-3.2306081500820597e-05,-1.4242356368041984e-05,0.00051323344986928124,5.4546957537428894e-05,-1.4661672996895645e-05,0.00049534582837358935,-4.996079641292215e-06,9.1204695075301617e-07,-8.2708915593719191e-05,-1.4569214283156824e-06,1.9931776619748642e-06,-0.00013086584266546161
0.018000000000000002,0,-3.2942744560357431e-05,-1.4226312353557663e-05,0.00051421540565274734,5.5368430790581371e-05,-1.4964688066929663e-05,0.00049597070355164184,-5.2213365208715848e-06,9.1410138890287425e-07,-8.3122963619883941e-05,-1.3824001518011808e-06,2.221011572110487e-06,-0.00013132154897712054
0.018200000000000001,0,-3.3531584466393355e-05,-1.4219999344681045e-05,0.00051504376395178017,5.6171356748816755e-05,-1.5282525536498271e-05,0.00049645020212977348,-5.4334841022917883e-06,9.1875228214740238e-07,-8.3674908341581218e-05,-1.308976262770924e-06,2.4470491496706298e-06,-0.00013164661460803538
0.0184,0,-3.4074784642301354e-05,-1.4227422979870462e-05,0.00051571956751808785,5.6952536791421432e-05,-1.5618349969765077e-05,0.00049678468582616887,-5.6319481809043873e-06,9.2586690957516441e-07,-8.4362102826187428e-05,-1.2364515140123589e-06,2.6696791372635425e-06,-0.00013184036667542392
0.018600000000000002,0,-3.4574910146339213e-05,-1.4252360652493162e-05,0.00051624315418441968,5.7708378382795681e-05,-1.5975119985615812e-05,0.00049697379854459346,-5.8165333115865495e-06,9.3520929770618154e-07,-8.5180693594690709e-05,-1.1645390511854713e-06,2.8873039201287589e-06,-0.00013190328542699844
0.018800000000000001,0,-3.5034830023839154e-05,-1.429830428870059e-05,0.0005166141899607098,5.8434966091323778e-05,-1.6355535248028796e-05,0.00049701651148728436,-5.9874157910108122e-06,9.4644769868415092e-07,-8.612568192628598e-05,-1.092874584235075e-06,3.0983633002834212e-06,-0.00013183698276512639
0.019,0,-3.5457637243190124e-05,-1.4368408447758172e-05,0.00051683171612035717,5.9128138311025739e-05,-1.676198774783902e-05,0.00049691118154794275,-6.1451295111339496e-06,9.5916452806561131e-07,-8.7190997716227056e-05,-1.0210287232090746e-06,3.3013586396549596e-06,-0.00013164416354423942
0.019200000000000002,0,-3.5846567870938439e-05,-1.4465444594756375e-05,0.0005168942089899478,5.9783568070439376e-05,-1.7196518204079846e-05,0.00049665562150776727,-6.2905450559302436e-06,9.7286855220726906e-07,-8.8369584391160714e-05,-9.4852020515087851e-07,3.4948769746579213e-06,-0.00013132857062003023
0.019400000000000001,0,-3.6204921094680706e-05,-1.4591762280383736e-05,0.00051679965096089768,6.0396846285100567e-05,-1.7660778322864923e-05,0.00049624718038751103,-6.424842537772657e-06,9.8700906065616178e-07,-8.9653493261750581e-05,-8.748297317655589e-07,3.6776146849918862e-06,-0.00013089491488750378
0.019599999999999999,0,-3.6535981625489032e-05,-1.4749257834868028e-05,0.00051654561107810737,6.0963565813610461e-05,-1.8155999548787467e-05,0.00049568283217283043,-6.5494787833617376e-06,1.0009917100250195e-06,-9.1033985599904758e-05,-7.9941413613877995e-07,3.8484002876983017e-06,-0.00013034879177671184
0.019800000000000002,0,-3.6842945907067785e-05,-1.4939351045728123e-05,0.00051612933343081219,6.1479404711438609e-05,-1.8682968829950942e-05,0.00049495927103007718,-6.6661495796192768e-06,1.0141956837476363e-06,-9.2501640667759296e-05,-7.2172060074466032e-07,4.0062159243178004e-06,-0.00012969658587643791
0.02,0,-3.7128853429830692e-05,-1.5162970144224369e-05,0.00051554783147577234,6.1940207139613628e-05,-1.9242011795078484e-05,0.00049407301106587417,-6.7767477756801438e-06,1.0259917778608886e-06,-9.4046467897559944e-05,-6.4120065804386037e-07,4.1502171147511689e-06,-0.00012894536552424598
0.020200000000000003,0,-3.7396524298123796e-05,-1.5420545276055375e-05,0.00051479798636353056,6.2342060475117461e-05,-1.9832983611901126e-05,0.00049302048865633484,-6.8833181065188315e-06,1.035760997376908e-06,-9.5658021424990482e-05,-5.5732371878646883e-07,4.2797503663600761e-06,-0.0001281027693338578
0.020400000000000001,0,-3.7648504031714019e-05,-1.5712010480685911e-05,0.00051387664731475846,6.2681367283522611e-05,-2.0455267662526505e-05,0.00049179816538004364,-6.9880096556613174e-06,1.0429132315184509e-06,-9.7325515212054234e-05,-4.6958989125527301e-07,4.3943682509509525e-06,-0.00012717688672614656
0.0206,0,-3.7887016402427883e-05,-1.6036814053469734e-05,0.00051278073210519548,6.2954910949231447e-05,-2.1107782036134218e-05,0.00049040262963168427,-7.0930269080388918e-06,1.0469055695082524e-06,-9.903793705758499e-05,-3.7754187660493304e-07,4.4938415953554297e-06,-0.00012617613458719865
0.020800000000000003,0,-3.8113924917587763e-05,-1.6393937018170199e-05,0.00051150732576321894,6.3159913911343409e-05,-2.1788993704544538e-05,0.00048883069506870202,-7.2005803588893942e-06,1.0472598219232127e-06,-0.00010078415988167088,-2.8077575060615821e-07,4.5781684729273152e-06,-0.00012510913219567889
0.021000000000000001,0,-3.8330703367804539e-05,-1.6781919297200061e-05,0.00051005377566196847,6.3294087620223584e-05,-2.2496940114353088e-05,0.00048707949414931632,-7.3128376406284466e-06,1.0435788258152394e-06,-0.000102553048782174,-1.7895046988398122e-07,4.6475797327853663e-06,-0.00012398457654257895
0.0212,0,-3.8538415661834633e-05,-1.7198893035374339e-05,0.00050841778129596363,6.3355673507665158e-05,-2.3229257802736977e-05,0.00048514656515377913,-7.4318761070966801e-06,1.0355611346064694e-06,-0.00010433356249425932,-7.1795970508187475e-08,4.702540860211493e-06,-0.00012281112011049342
0.021400000000000002,0,-3.8737704979541078e-05,-1.7642622412481071e-05,0.00050659747716760384,6.3343474448453093e-05,-2.3983217524930628e-05,0.00048302993123884602,-7.5596377741990532e-06,1.023013725713306e-06,-0.00010611484803429759,4.0880242100264776e-08,4.7437500242529861e-06,-0.00012159725308859501
0.021600000000000001,0,-3.8928792089238611e-05,-1.8110549172580188e-05,0.00050459150736873099,6.3256876379471426e-05,-2.4755765271806088e-05,0.0004807281702544815,-7.6978874586946386e-06,1.0058623992597956e-06,-0.00010788632747438286,1.5918808119410688e-07,4.77213223610124e-06,-0.00012035119187584998
0.0218,0,-3.911148250129025e-05,-1.8599843005431943e-05,0.00050239909062311443,6.3095859930650523e-05,-2.554356845785322e-05,0.0004782404742481001,-7.8481748840963674e-06,9.8415958923379347e-07,-0.00010963777596959063,2.8315148207390994e-07,4.7888296129176942e-06,-0.00011908077557161356
0.022000000000000002,0,-3.9285181968849827e-05,-1.9107455839331364e-05,0.00050002007475357735,6.286100210655879e-05,-2.6343066474802305e-05,0.00047556669779120201,-8.011801435917708e-06,9.5808936297523238e-07,-0.00011135939034352782,4.1270662697846322e-07,4.7951878150313874e-06,-0.00011779337197295405
0.022200000000000001,0,-3.9448919701807691e-05,-1.9630179046065246e-05,0.0004974549797485975,6.2553468235036663e-05,-2.7150524735582923e-05,0.00047270739448203823,-8.1897921497296589e-06,9.2796944477353734e-07,-0.00011304184772522941,5.4770176756838295e-07,4.792738798343871e-06,-0.0001164957943956447
0.0224,0,-3.9601378533555726e-05,-2.0164702518559495e-05,0.00049470502882353819,6.2174994566932491e-05,-2.7962091278417178e-05,0.00046966384120184141,-8.382873406753895e-06,8.9425016327952724e-07,-0.00011467635391864824,6.8789859268797116e-07,4.7831800968037436e-06,-0.00011519423041484264
0.022600000000000002,0,-3.9740931173938767e-05,-2.0707674560549061e-05,0.0004917721670971069,6.172786206600849e-05,-2.877385496246391e-05,0.00046643804992712689,-8.5914566952736187e-06,8.5751028900424956e-07,-0.00011625468137159644,8.3297506287904504e-07,4.7683509204004964e-06,-0.00011389418338639143
0.022800000000000001,0,-3.9865681597015847e-05,-2.1255761525432193e-05,0.00048865906773010908,6.1214862068056046e-05,-2.9581904265124534e-05,0.00046303276712265061,-8.815628674372661e-06,8.1844979592249053e-07,-0.00011776919679094365,9.8252960950850062e-07,4.7502054207451294e-06,-0.00011260042736495133
0.023,0,-3.9973510549839417e-05,-2.1805706158170531e-05,0.00048536912559708724,6.0639254611176862e-05,-3.0382385687144194e-05,0.00045945146095502701,-9.0551476518693693e-06,7.7787964863555049e-07,-0.00011921287862229152,1.1360865757098898e-06,4.7307835374809127e-06,-0.00011131697578536874
0.023200000000000002,0,-4.006212412871063e-05,-2.2354383629133407e-05,0.00048190643877818126,6.0004720343422183e-05,-3.1171560784937621e-05,0.00045569829677221313,-9.3094464632720889e-06,7.3670878219645792e-07,-0.0001205793247726295,1.2931027589054378e-06,4.7121798931205618e-06,-0.00011004706402341913
0.023400000000000001,0,-4.0129104352146114e-05,-2.289885430130187e-05,0.00047827577836490444,5.9315306998317132e-05,-3.1945860879775554e-05,0.00045177810148579233,-9.5776416155985705e-06,6.9592850412166743e-07,-0.00012186275110133059,1.4529749006704229e-06,4.6965112501785992e-06,-0.00010879314570578828
0.023599999999999999,0,-4.0171960664508343e-05,-2.343641234108541e-05,0.00047448254726618064,5.8575371492420885e-05,-3.2701938539926072e-05,0.00044769631766831595,-9.8585484413486536e-06,6.5659460593829959e-07,-0.00012305798133629452,1.6150479592509708e-06,4.6858830815553633e-06,-0.00010755690240120939
0.023800000000000002,0,-4.0188181329898337e-05,-2.396462936672489e-05,0.00047053272887693013,5.7789518741588793e-05,-3.3436714993615004e-05,0.00044345894833433183,-1.015070189605256e-05,6.1980752357898244e-07,-0.00012416042918646046,1.7786239931968485e-06,4.6823558321051949e-06,-0.00010633926609911716
0.024,0,-4.0175283721095216e-05,-2.4481392425174294e-05,0.00046643282662809998,5.696253831401267e-05,-3.4147422706547645e-05,0.00043907249350899949,-1.0452382529726242e-05,5.8669093090049307e-07,-0.00012516607351802534,1.9429714812965857e-06,4.6879114654612899e-06,-0.0001051404536727724
0.024200000000000003,0,-4.0130862571323243e-05,-2.4984935696574476e-05,0.00046218979557209535,5.6099340038809589e-05,-3.4831642446277565e-05,0.00043454387980064983,-1.076164707013584e-05,5.5836918758474608e-07,-0.00012607142753861387,2.1073349042053798e-06,4.7044208949872e-06,-0.00010396001233392331
0.024400000000000002,0,-4.0052635335417552e-05,-2.5473865442882104e-05,0.00045781096726929706,5.5204889669660068e-05,-3.5487334255265306e-05,0.00042988038428202899,-1.1076362975652243e-05,5.3594409087308618e-07,-0.00012687350299082049,2.2709444166736465e-06,4.7336128909059405e-06,-0.0001027968749186607
0.0246,0,-3.993848389929401e-05,-2.5947177841689069e-05,0.00045330396932842645,5.4284145664850018e-05,-3.6112861863207554e-05,0.00042508955404845688,-1.1394246249042201e-05,5.2047139937147789e-07,-0.00012756977039380443,2.4330254458921422e-06,4.7770450371886791e-06,-0.00010164942370165247
0.024800000000000003,0,-3.9786491980078796e-05,-2.6404269475461995e-05,0.00044867664101507832,5.3341998089435878e-05,-3.6707010185159173e-05,0.00042017912285938295,-1.1712901751880585e-05,5.1293760613347401e-07,-0.00012815811638914305,2.5928080608924894e-06,4.8360772818759848e-06,-0.00010051556132038673
0.025000000000000001,0,-3.9594977671270405e-05,-2.6844940377998042e-05,0.00044393694637839874,5.2383210573780285e-05,-3.7268995673030741e-05,0.00041515692628292175,-1.2029865223156484e-05,5.1423743718137267e-07,-0.00012863679924543948,2.7495359698582151e-06,4.9118485836064001e-06,-9.9392787303832791e-05
0.0252,0,-3.9362520705279574e-05,-2.7269389671474876e-05,0.000439092886355703,5.141236617727172e-05,-3.779846941206745e-05,0.00041003081675142612,-1.2342646185540568e-05,5.2515254058132683e-07,-0.00012900440355604741,2.9024750162539017e-06,5.0052571059240137e-06,-9.8278278641933213e-05
0.025400000000000002,0,-3.9087984127002777e-05,-2.7678203956747787e-05,0.00043415241129933328,5.0433817908699614e-05,-3.8295512978713915e-05,0.00040480857990093623,-1.2648770918815687e-05,5.4633181037782428e-07,-0.00012925979512681577,3.0509210604838231e-06,5.1169443503340124e-06,-9.7168972803900614e-05
0.025600000000000001,0,-3.8770530194161866e-05,-2.8072338744270405e-05,0.00042912333533018745,4.945164454769645e-05,-3.8760627199664778e-05,0.00039949785350974369,-1.2945824691957938e-05,5.7827375955830782e-07,-0.00012940207699730686,3.1942071509432391e-06,5.2472835501810257e-06,-9.6061651614195857e-05
0.0258,0,-3.8409630440512997e-05,-2.8453093331057299e-05,0.00042401325385945331,4.8469612297158931e-05,-3.919471407175907e-05,0.00039410605027298377,-1.3231492472789974e-05,6.2131131739927308e-07,-0.00012943054747106725,3.3317099064135062e-06,5.3963725715288571e-06,-9.4953024424571222e-05
0.026000000000000002,0,-3.8005069954364017e-05,-2.8822079638488349e-05,0.0004188294655358667,4.7491142676945674e-05,-3.9599052216647657e-05,0.00038864028555308448,-1.3503597376212972e-05,6.755993798640706e-07,-0.00012934466094996808,3.4628550503638596e-06,5.5640314857666074e-06,-9.3839809077430873e-05
0.026200000000000001,0,-3.755694603499757e-05,-2.9181185624682011e-05,0.00041357889977230295,4.6519286946743811e-05,-3.9975266350916308e-05,0.00038310731113227607,-1.3760136167682472e-05,7.4110538816770834e-07,-0.00012914399227627083,3.5871220564548409e-06,5.7498048932251552e-06,-9.2718809238282737e-05
0.0264,0,-3.7065661491655788e-05,-2.953253397205565e-05,0.0004082680508850234,4.5556707223085029e-05,-4.0325291349802266e-05,0.0003775134558656471,-1.3999311206499948e-05,8.1760315132572177e-07,-0.00012882820518590163,3.7040478830040939e-06,5.952968989323684e-06,-9.1586986781094174e-05
0.026600000000000002,0,-3.6531912942029821e-05,-2.9878436824202303e-05,0.0004029029197439724,4.4605664334276572e-05,-4.065133156920059e-05,0.00037186457399402436,-1.4219558292100225e-05,9.0467006471089075e-07,-0.00012839702536949775,3.8132297920116575e-06,6.172543276400797e-06,-9.0441528037412227e-05
0.026800000000000001,0,-3.5956674548315553e-05,-3.02213474052573e-05,0.00039748896368587403,4.3668012339580756e-05,-4.0955816164927163e-05,0.000366166001727981,-1.4419569964093421e-05,1.0016878096916501e-06,-0.00012785021852621166,3.914327265217729e-06,6.4073067371653923e-06,-8.92799028653336e-05
0.027,0,-3.5341177697736848e-05,-3.0563809398690248e-05,0.00039203105528636732,4.2745199527264995e-05,-4.1241351209025594e-05,0.00036042252256033008,-1.4598313901490726e-05,1.1078465507190394e-06,-0.00012718757368110844,4.0070630452848782e-06,6.6558182013625853e-06,-8.8099915654719891e-05
0.027200000000000002,0,-3.468688719018943e-05,-3.0908404990404781e-05,0.0003865334504259609,4.1838275601912509e-05,-4.1510669449360971e-05,0.00035463834160734658,-1.4755046166320385e-05,1.2221525771954528e-06,-0.00012640889192231847,4.0912233443050927e-06,6.9164405574742157e-06,-8.6899747557158845e-05
0.027400000000000001,0,-3.3995474537813174e-05,-3.1257702492912334e-05,0.00038099976592013475,4.0947904676188854e-05,-4.1766578590179863e-05,0.00034881706912145294,-1.4889319139673107e-05,1.3434392695290546e-06,-0.00012551398060088364,4.1666572742198153e-06,7.1873683876633934e-06,-8.5677989409652135e-05
0.027600000000000003,0,-3.3268789009647338e-05,-3.1614204463205765e-05,0.0003754329668193792,4.0074383597437421e-05,-4.2011908987348839e-05,0.0003429617131628985,-1.5000984102030762e-05,1.4703812033530904e-06,-0.00012450265292633425,4.2332755642454427e-06,7.4666585382117338e-06,-8.4433665006372041e-05
0.027800000000000002,0,-3.2508827069138898e-05,-3.1980297207110846e-05,0.00036983536332317498,3.9217665066127686e-05,-4.2249461652499352e-05,0.00033707468126763462,-1.5090188512473658e-05,1.6015111443105695e-06,-0.00012337473278620209,4.2910486389036568e-06,7.7522630807226794e-06,-8.316624455958631e-05
0.028000000000000001,0,-3.171770085350847e-05,-3.2358202527925668e-05,0.00036420861709559167,3.8377384942157674e-05,-4.2481957445465238e-05,0.00033115779080554453,-1.5157368141034439e-05,1.7352396293251988e-06,-0.00012213006451950364,4.3400041366995363e-06,8.0420640725347316e-06,-8.1875648375572861e-05
0.028200000000000003,0,-3.0897606332433676e-05,-3.2749932527910198e-05,0.00035855375662184765,3.755289308691968e-05,-4.2711988304623623e-05,0.00032521228758964298,-1.5203234303173865e-05,1.8698767800391718e-06,-0.00012076852728413997,4.3802239538528647e-06,8.3339094890647345e-06,-8.0562240950733424e-05
0.028400000000000002,0,-3.0050791760016828e-05,-3.3157248208735379e-05,0.00035287120110716233,3.6743287054228529e-05,-4.2941971320720532e-05,0.00031923887217479469,-1.5228756533333201e-05,2.003655951100652e-06,-0.00011929005357738862,4.4118408997977577e-06,8.6256496769241183e-06,-7.9226815864045366e-05
0.0286,0,-2.9179526999592883e-05,-3.3581622542630357e-05,0.00034716079229361619,3.5947447921788866e-05,-4.3174106402397761e-05,0.00031323773317563919,-1.523514111417501e-05,2.134758781075187e-06,-0.00011769465139824192,4.4350350514936831e-06,8.9151736651251087e-06,-7.7870572001579157e-05
0.028800000000000003,0,-2.8286074256805254e-05,-3.4024208601148824e-05,0.00034142183345932511,3.5164077546709245e-05,-4.3410338212077606e-05,0.000307208586839196,-1.5223805948060187e-05,2.2613411876091004e-06,-0.00011598242948110042,4.4500298920481981e-06,9.2004446727789199e-06,-7.64950817944519e-05
0.029000000000000001,0,-2.7372660703867422e-05,-3.4485813234838499e-05,0.00033565313476853958,3.4391736533295064e-05,-4.3652322970445365e-05,0.00030115072202920994,-1.51963523163464e-05,2.3815598315762889e-06,-0.00011415362498287017,4.4570883158846176e-06,9.4795341653921438e-06,-7.5102252280999992e-05
0.0292,0,-2.6441453418477013e-05,-3.4966876696394582e-05,0.00032985306406248569,3.3628882218398531e-05,-4.3901400638006893e-05,0.00029506304971752987,-1.5154534119293261e-05,2.4935985675851538e-06,-0.00011220863297023279,4.4565085778725554e-06,9.7506538379480152e-06,-7.3694279915217052e-05
0.029400000000000003,0,-2.5494536995963111e-05,-3.5467458493951882e-05,0.00032401960211974202,3.2873906008207424e-05,-4.4158572884744952e-05,0.00028894415603322781,-1.5100225224038681e-05,2.5956944005028564e-06,-0.00011014803703094247,4.4486202576779298e-06,1.0012184940926704e-05,-7.2273600135064234e-05
0.029600000000000001,0,-2.4533894124468723e-05,-3.598722965192443e-05,0.00031815040137221997,3.2125169439579692e-05,-4.442448715552218e-05,0.00028279235789298996,-1.503538556984744e-05,2.6861624794631807e-06,-0.00010797264032242668,4.4337803033020105e-06,1.0262704414547894e-05,-7.0842832774986337e-05
0.0298,0,-2.3561389341840598e-05,-3.6525471446162071e-05,0.00031224284703858869,3.1381038387793659e-05,-4.4699427031429593e-05,0.00027660576022646807,-1.4962026688471291e-05,2.7634196818602757e-06,-0.00010568349637250556,4.4123692096014712e-06,1.0501007355863477e-05,-6.9404724456115338e-05
0.030000000000000002,0,-2.2578756120930082e-05,-3.7081080570077295e-05,0.00030629411963112345,3.0639914899675824e-05,-4.4983308977655513e-05,0.00027038231381739893,-1.4882177293108369e-05,2.8260063696038962e-06,-0.00010328193896028572,4.3847873787545231e-06,1.0726125411738937e-05,-6.7962089114904391e-05
0.030200000000000001,0,-2.1587587358653415e-05,-3.7652580580676903e-05,0.00030030125780402232,2.9900266195183661e-05,-4.5275685458562519e-05,0.0002641198728047362,-1.4797849572472305e-05,2.8726059377575821e-06,-0.00010076961042964323,4.3514517004067481e-06,1.0937340766913324e-05,-6.6517747836392476e-05
0.0304,0,-2.0589329274784195e-05,-3.8238139369911237e-05,0.00029426122054047952,2.9160650450281939e-05,-4.5575754292402305e-05,0.00025781625092688611,-1.471100679748638e-05,2.9020618207743293e-06,-9.8148487822443108e-05,4.3127923798332026e-06,1.1134195478740225e-05,-6.5074469142440425e-05
0.030600000000000002,0,-1.958527866031147e-05,-3.8835592309124711e-05,0.00028817094772121181,2.8419739047934596e-05,-4.5882374013311857e-05,0.00025146927564525834,-1.4623532807939655e-05,2.9133916729181899e-06,-9.54209062628665e-05,4.2692500331228632e-06,1.1316495997287323e-05,-6.3634910848965677e-05
0.030800000000000001,0,-1.8576583353422086e-05,-3.9442470624219641e-05,0.00028202741817743448,2.7676335060797803e-05,-4.6194084908676734e-05,0.00024507683934938551,-1.4537203896119522e-05,2.9057984960281709e-06,-9.2589579076926022e-05,4.2212730593436509e-06,1.1484312799521477e-05,-6.2201564550643914e-05
0.031,0,-1.7564245764738618e-05,-4.0056034477839614e-05,0.00027582770440498381,2.6929387807307083e-05,-4.6509135307264828e-05,0.00023863694692330916,-1.4453663545187922e-05,2.8786785483597643e-06,-8.9657614191339158e-05,4.1693152910805822e-06,1.1637975157586056e-05,-6.0776703718273441e-05
0.031200000000000002,0,-1.6549129223190125e-05,-4.0673310163671305e-05,0.00026956902320170308,2.6178003400896158e-05,-4.6825512609232906e-05,0.00023214775904009579,-1.4374400413267112e-05,2.8316259315754181e-06,-8.6628526422214439e-05,4.1138339168331493e-06,1.1778061151925437e-05,-5.9362336304820274e-05
0.031400000000000004,0,-1.5531966870473026e-05,-4.1291130757891787e-05,0.00026324878158551636,2.5421451288713731e-05,-4.714097847453081e-05,0.00022560763064645317,-1.4300729881337e-05,2.7644338177498701e-06,-8.3506245335239818e-05,4.0552876616627211e-06,1.190538312847908e-05,-5.7960162653132812e-05
0.031600000000000003,0,-1.451337279596429e-05,-4.1906179524680998e-05,0.00025686461745385181,2.4659166850136737e-05,-4.7453107522532532e-05,0.00021901514420059212,-1.4233779405699496e-05,2.6770923431940277e-06,-8.0295118433968337e-05,3.9941352063219772e-06,1.2020968883658882e-05,-5.6571539383678941e-05
0.031800000000000002,0,-1.3493855075500024e-05,-4.2515035337186162e-05,0.00025041443455421734,2.3890750195426705e-05,-4.7759328843864202e-05,0.00021236913733181146,-1.4174477835570365e-05,2.5697832596766907e-06,-7.6999909510073469e-05,3.9308338199721834e-06,1.2126038939722261e-05,-5.5197449816811478e-05
0.032000000000000001,0,-1.2473830356782826e-05,-4.3114219352751594e-05,0.00024389643144869484,2.3115961369960281e-05,-4.8056969586115526e-05,0.00020566872469784505,-1.4123548774970817e-05,2.4428714949683586e-06,-7.3625792067805225e-05,3.8658381775672938e-06,1.222198034496369e-05,-5.3838481353509185e-05
0.032199999999999999,0,-1.1453639621323903e-05,-4.3700242171771357e-05,0.00023730912426983094,2.2334712228628613e-05,-4.8343299848926045e-05,0.00019891331392389642,-1.4081507987151275e-05,2.2968938323397403e-06,-7.0178337813048454e-05,3.7995993300927958e-06,1.2310317496512997e-05,-5.2494810103814348e-05
0.032399999999999998,0,-1.0433564747601911e-05,-4.4269650713116168e-05,0.00023065136317980948,2.1547055297420121e-05,-4.8615578111111535e-05,0.00019210261561364425,-1.4048664760884416e-05,2.1325449716000306e-06,-6.6663500274142718e-05,3.7325637941002703e-06,1.2392680537267897e-05,-5.1166192915851084e-05
0.032600000000000004,0,-9.4138455022312922e-06,-4.4819074055442001e-05,0.00022392234255691614,2.0753169984196406e-05,-4.8871096413085855e-05,0.00018523664752556068,-1.4025127082632588e-05,1.9506612814455345e-06,-6.3087593695802726e-05,3.6651727263545087e-06,1.2470771921609575e-05,-4.9851966822866701e-05
0.032800000000000003,0,-8.3946965949539772e-06,-4.5345267522308167e-05,0.0002171216050412631,1.9953346537709519e-05,-4.9107224531655627e-05,0.00017831573310598338,-1.4010810388239392e-05,1.7522025934250226e-06,-5.9457267417991373e-05,3.5978611498627737e-06,1.2546331776275293e-05,-4.8551055793612938e-05
0.033000000000000002,0,-7.3763244486655373e-06,-4.5845154329220477e-05,0.00021024903967377972,1.9147968182610538e-05,-4.9321452410909724e-05,0.00017134049466199593,-1.4005449603697636e-05,1.5382324209755577e-06,-5.5779476017444004e-05,3.5310571990144464e-06,1.2621102702537443e-05,-4.7261984544867291e-05
0.0332,0,-6.3589433568331708e-06,-4.6315864161591568e-05,0.00020330487445699704,1.8337491878336846e-05,-4.9511430151768975e-05,0.00016431184154092946,-1.4008614127832823e-05,1.3098970121609078e-06,-5.2061445549825741e-05,3.4651813539324392e-06,1.2696794673346189e-05,-4.5982899056105159e-05
0.033399999999999999,0,-5.3427907268563126e-06,-4.6754768113132974e-05,0.00019628966375173995,1.7522428161262568e-05,-4.9675004912978344e-05,0.0001572309537580084,-1.4019725361365261e-05,1.0684036615409441e-06,-4.8310636284439494e-05,3.4006456373157556e-06,1.2775050674254075e-05,-4.4711593317194209e-05
0.033600000000000005,0,-4.3281411384032199e-06,-4.715950948317549e-05,0.00018920427099927359,1.6703320532424139e-05,-4.9810254136905014e-05,0.00015009926157831999,-1.4038076347538577e-05,8.1499871477574435e-07,-4.453470237032552e-05,3.3378527509113344e-06,1.2857413719917409e-05,-4.3445541742178185e-05
0.033800000000000004,0,-3.3153189797324372e-06,-4.7528030007549854e-05,0.00018204984732272437,1.5880724847702704e-05,-4.9915514583278073e-05,0.00014291842161308894,-1.4062853059891094e-05,5.5094569906022516e-07,-4.0741448911968059e-05,3.2771951331580205e-06,1.2945295849156053e-05,-4.2181936597181188e-05
0.034000000000000002,0,-2.3047094616608065e-06,-4.7858591179546209e-05,0.00017482780661393161,1.505518915390142e-05,-4.9989406731653632e-05,0.0001356902900325915,-1.4093156853155727e-05,2.7750400340757564e-07,-3.6938786964243796e-05,3.2190539243538357e-06,1.3039949661572598e-05,-4.0917729719351833e-05
0.034200000000000001,0,-1.2967678473513526e-06,-4.8149790403635503e-05,0.00016753979775173714,1.4227234393166075e-05,-5.0030854197481466e-05,0.0001284168935285678,-1.4128027583850983e-05,-4.091484562744738e-09,-3.3134686979438042e-05,3.163797830764626e-06,1.3142442908415542e-05,-3.9649677747448081e-05
0.0344,0,-2.9202677566025917e-07,-4.8400571813562386e-05,0.00016018767462477515,1.3397336370239671e-05,-5.0039097895662876e-05,0.00012110039867751932,-1.4166466907810012e-05,-2.9264940387632877e-07,-2.933713125397716e-05,3.1117818842717417e-06,1.3253636590745453e-05,-3.8374390043713963e-05
0.034599999999999999,0,7.0889840437372241e-07,-4.8610231676572102e-05,0.00015277346464600506,1.2565909342792588e-05,-5.0013704777838375e-05,0.00011374308036285308,-1.4207461272424836e-05,-5.8703925847532551e-07,-2.5554065928971727e-05,3.063346099307838e-06,1.3374166950225835e-05,-3.7088378461393919e-05
0.034800000000000005,0,1.7053063309258359e-06,-4.8778418395387509e-05,0.00014529933644768765,1.1733291555289844e-05,-4.9954571063707203e-05,0.00010634728990870042,-1.4250004141306002e-05,-8.8620675842791314e-07,-2.1793353096852666e-05,3.0188140338180523e-06,1.3504431663355779e-05,-3.5788108102556993e-05
0.035000000000000003,0,2.6964083634447402e-06,-4.8905127207613556e-05,0.00013776756743460713,1.0899732992376346e-05,-4.9861919980830688e-05,9.8915423561833757e-05,-1.4293117017743192e-05,-1.189186898571957e-06,-1.8062723556552887e-05,2.978491265684087e-06,1.3644580470154199e-05,-3.4470048216561251e-05
0.035200000000000002,0,3.6813293216544513e-06,-4.8990689767081272e-05,0.00013018051185066318,1.006538557946329e-05,-4.973629412000173e-05,9.1449891931047193e-05,-1.4335868870008433e-05,-1.4951145583487997e-06,-1.4369730742195899e-05,2.9426638003494026e-06,1.3794510384748339e-05,-3.3130722409912316e-05
0.035400000000000001,0,4.659110163582821e-06,-4.903575887189781e-05,0.00012254056998026465,9.2302960070067898e-06,-4.9578542602815372e-05,8.3953090956437004e-05,-1.4377393605237916e-05,-1.803232459482744e-06,-1.0721706325562095e-05,2.9115964291862395e-06,1.3953865549626067e-05,-3.1766757372641179e-05
0.0356,0,5.6287125052771593e-06,-4.9041288678392111e-05,0.00011485015906218083,8.3944013018276494e-06,-4.9389803343067616e-05,7.6427374935143078e-05,-1.4416905288309874e-05,-2.1128963736010821e-06,-7.1257179612716583e-06,2.88553106136922e-06,1.4122041709120378e-05,-3.0374929373599774e-05
0.035799999999999998,0,6.5890248566072416e-06,-4.9008510807606515e-05,0.00010711168644073532,7.5575272146805223e-06,-4.9171480762657001e-05,6.8875032076344951e-05,-1.4453710856658392e-05,-2.4235775287322576e-06,-3.5885296062943694e-06,2.8646850546016522e-06,1.4298195192640941e-05,-2.8952207836003029e-05
0.036000000000000004,0,7.5388704227678163e-06,-4.8938906810490614e-05,9.932752541866789e-05,6.7193894390843466e-06,-4.8925219394503463e-05,6.1298262997802987e-05,-1.4487220140111071e-05,-2.7348622207172955e-06,-1.1656480278803866e-07,2.8492495719338891e-06,1.4481256215847437e-05,-2.7495795373714035e-05
0.036200000000000003,0,8.4770163000041121e-06,-4.8834177508662602e-05,9.1499994208952469e-05,5.8795976230934412e-06,-4.8652873868510019e-05,5.3699162510235333e-05,-1.4516953055353537e-05,-3.0464486917840534e-06,3.2841267338423721e-06,2.8393879930922311e-06,1.4669946229903918e-05,-2.6003163746617257e-05
0.036400000000000002,0,9.4021838768422573e-06,-4.8696209768836479e-05,8.3631338310729867e-05,5.0376620841024683e-06,-4.8356475830811821e-05,4.6079704965620836e-05,-1.454254390623067e-05,-3.3581413927608438e-06,6.6078989305585988e-06,2.8352344091928573e-06,1.4862798976594811e-05,-2.4472085278286669e-05
0.036600000000000001,0,1.0313060238782576e-05,-4.8527041300261454e-05,7.572371655872374e-05,4.1930030877708857e-06,-4.8038198390693586e-05,3.8441733372448964e-05,-1.4563742782527206e-05,-3.6698427965963038e-06,9.8495353384711811e-06,2.8368922294586882e-06,1.5058184841732326e-05,-2.2900659369293108e-05
0.036799999999999999,0,1.120831036500585e-05,-4.8328824085450096e-05,6.7779191017512737e-05,3.3449625064937384e-06,-4.7700318723003326e-05,3.0786952406341577e-05,-1.4580414109898009e-05,-3.9815429780323174e-06,1.3004271098823624e-05,2.844432927613926e-06,1.525433804210515e-05,-2.1287333833129195e-05
0.037000000000000005,0,1.208658990008254e-05,-4.8103787064928256e-05,5.9799720813280254e-05,2.4928176312334505e-06,-4.7345179476232102e-05,2.311692536967805e-05,-1.4592532461068364e-05,-4.2933072165664168e-06,1.6067810767801471e-05,2.8578949540439834e-06,1.5449386133204828e-05,-1.9630920877078412e-05
0.037200000000000004,0,1.2946558281834337e-05,-4.7854198696744516e-05,5.1787159917575571e-05,1.6357968735774821e-06,-4.6975149647446172e-05,1.5433075080160631e-05,-1.4600175792205649e-05,-4.6052619164693699e-06,1.903634193155031e-05,2.8772828376330884e-06,1.5641381286928942e-05,-1.7930607645661289e-05
0.037400000000000003,0,1.3786892008194688e-05,-4.7582330001223972e-05,4.3743258821561552e-05,7.7309706312569767e-07,-4.6592585584925484e-05,7.7366885968998189e-06,-1.4603516317485303e-05,-4.9175791679464192e-06,2.1906544598861558e-05,2.902566498496392e-06,1.5828332761011347e-05,-1.6185961337860267e-05
0.037600000000000001,0,1.4606297830923381e-05,-4.7290418681301816e-05,3.5669669966484878e-05,-9.6097980830498862e-08,-4.6199792767851788e-05,2.8925624745827376e-08,-1.460280927846384e-05,-5.2304602970352175e-06,2.4675596413547831e-05,2.9336807896849778e-06,1.6008239965472555e-05,-1.4396928999546502e-05
0.0378,0,1.5403525672085303e-05,-4.6980634879244589e-05,2.7567956727876009e-05,-9.7259794456753661e-07,-4.5798988990058493e-05,-7.6891696256871185e-06,-1.4598379902190986e-05,-5.5441187681513016e-06,2.7341173780799654e-05,2.9705252824464378e-06,1.6179125526107506e-05,-1.256383217791423e-05
0.037999999999999999,0,1.61773810700108e-05,-4.6655049092325074e-05,1.9439605688346776e-05,-1.8571859373740361e-06,-4.5392269542240912e-05,-1.5416653402597751e-05,-1.4590608872447228e-05,-5.8587628121018158e-06,2.990144905106686e-05,3.0129643058598293e-06,1.6339067750910616e-05,-1.0687356703914278e-05
0.038200000000000005,0,1.6926736974698282e-05,-4.6315602723856467e-05,1.1286041877749713e-05,-2.7505981941446927e-06,-4.4981574944834297e-05,-2.3152664533830935e-05,-1.457991666164094e-05,-6.174578153819484e-06,3.2355083950580446e-05,3.06082724772552e-06,1.6486231922142123e-05,-8.7685379404723199e-06
0.038400000000000004,0,1.7650544727967593e-05,-4.5964081692824376e-05,3.1086466106998776e-06,-3.6535039274907851e-06,-4.4568661732855859e-05,-3.0896404079893566e-05,-1.4566747086457323e-05,-6.4917112080992647e-06,3.4701219488937285e-05,3.1139091195698432e-06,1.6618899864027286e-05,-6.8087418976559266e-06
0.038600000000000002,0,1.834784408078605e-05,-4.5602093466192456e-05,-5.0912224893124427e-06,-4.5664856889067234e-06,-4.4155076735369191e-05,-3.8647112931693935e-05,-1.4551550458196135e-05,-6.8102530984726848e-06,3.6939462610705155e-05,3.1719713846129285e-06,1.6735497273217587e-05,-4.809642670083667e-06
0.038800000000000001,0,1.9017772118727429e-05,-4.5231047813890116e-05,-1.3312209722279638e-05,-5.4900205876589436e-06,-4.3742135226975338e-05,-4.6404047794080933e-05,-1.4534766698901031e-05,-7.1302248343906711e-06,3.9069869889350129e-05,3.2347430436326803e-06,1.6834618345320187e-05,-2.7731966961105305e-06
0.039,0,1.965957098615084e-05,-4.4852141518670186e-05,-2.155293826704701e-05,-6.4244626994241767e-06,-4.3330903258070526e-05,-5.4166456016444884e-05,-1.4516808787058398e-05,-7.4515639555943441e-06,4.109292858761522e-05,3.3019219699190829e-06,1.6915047285047232e-05,-7.0161437224066019e-07
0.039199999999999999,0,2.0272594320073781e-05,-4.4466347202643824e-05,-2.9811986340744509e-05,-7.3700269746667763e-06,-4.2922184395816392e-05,-6.1933549743355918e-05,-1.4498046882161441e-05,-7.7741129205413956e-06,4.3009535428555233e-05,3.3731764810241848e-06,1.697577634873893e-05,1.4026704204246129e-06
0.039400000000000004,0,2.0856312325547598e-05,-4.407440636057112e-05,-3.8087863048863851e-05,-8.3267749297582474e-06,-4.2516511030175639e-05,-6.9704479861485544e-05,-1.447879345626495e-05,-8.0976094787326793e-06,4.4820973435621187e-05,3.4481471318385821e-06,1.7016020134945558e-05,3.5370323081326547e-06
0.039600000000000003,0,2.1410315445325788e-05,-4.3676826618121669e-05,-4.6378984409284267e-05,-9.2946023724284247e-06,-4.2114140320333156e-05,-7.7478310214053141e-05,-1.4459289733388878e-05,-8.4216792255459582e-06,4.6528887208447617e-05,3.5264487107184789e-06,1.7035225910094687e-05,5.6986873629220071e-06
0.039800000000000002,0,2.1934316597467989e-05,-4.327388316251191e-05,-5.4683650021761506e-05,-1.0273229377881841e-05,-4.1715054777712412e-05,-8.5253992541068979e-05,-1.4439693704963029e-05,-8.7458304935976425e-06,4.8135257003380849e-05,3.6076724179910277e-06,1.7033079830636003e-05,7.884726423432987e-06
0.040000000000000001,0,2.2428151974987204e-05,-4.2865624224327905e-05,-6.3000020834546829e-05,-1.1262192693452933e-05,-4.1318967403952288e-05,-9.3030342583143638e-05,-1.4420069952229492e-05,-9.0694516876366773e-06,4.9642371984441727e-05,3.6913882042115625e-06,1.700950899902426e-05,1.0092148251309667e-05
0.0402,0,2.289178042148979e-05,-4.245188042404891e-05,-7.1326098432471105e-05,-1.2260840708690081e-05,-4.0925331226931854e-05,-0.00010080601775915287,-1.4400381465495127e-05,-9.3918111214777067e-06,5.1052803001574568e-05,3.7771472440528507e-06,1.6964679367038932e-05,1.2317892002684992e-05
0.040400000000000005,0,2.3325281415764889e-05,-4.2032277735818949e-05,-7.9659706236704633e-05,-1.3268331084962032e-05,-4.0533353006457276e-05,-0.00010857949679424232,-1.4380483606266748e-05,-9.7120593664668879e-06,5.2369375239010009e-05,3.8644845206822721e-06,1.6898989574830177e-05,1.4558868528620672e-05
0.040600000000000004,0,2.372885171626289e-05,-4.1606253765301051e-05,-8.7998472966275716e-05,-1.428363109480092e-05,-4.014201081470997e-05,-0.00011634906163527432,-1.4360120312554044e-05,-1.0029234072400707e-05,5.3595141057752634e-05,3.9529214949233423e-06,1.6813060886353454e-05,1.6811990059945542e-05
0.040800000000000003,0,2.410280073319514e-05,-4.1173076988819278e-05,-9.6339818666169971e-05,-1.5305520676970919e-05,-3.9750075136049858e-05,-0.00012411278194667967,-1.4338922600949293e-05,-1.0342267174618801e-05,5.4733353333051767e-05,4.0419688333900827e-06,1.6707723450205766e-05,1.9074197879679629e-05
0.041000000000000002,0,2.4447544711444724e-05,-4.0731868558158366e-05,-0.00010468094355737547,-1.6332598169412899e-05,-3.9356133077205763e-05,-0.00013186850243166031,-1.4316409372442446e-05,-1.0649994356056352e-05,5.5787439560741029e-05,4.1311291701012025e-06,1.6583999178094725e-05,2.1342487639056965e-05
0.041200000000000001,0,2.4763599821477647e-05,-4.0281626239936565e-05,-0.00011301881991156453,-1.7363288639479152e-05,-3.8958615233066934e-05,-0.00013961383317271614,-1.4291990483232937e-05,-1.0951166591201092e-05,5.6760976976103972e-05,4.2198998767945381e-06,1.6443081590161332e-05,2.3613932029923206e-05
0.041399999999999999,0,2.5051574267881791e-05,-3.9821250030848785e-05,-0.0001213501870982216,-1.8395854689926735e-05,-3.8555824715872491e-05,-0.00014734614313248543,-1.4264971997940375e-05,-1.1244463560910994e-05,5.7657668896042986e-05,4.3077758182299261e-06,1.6286313026174534e-05,2.588570058581388e-05
0.041600000000000005,0,2.5312159535952981e-05,-3.9349568970611449e-05,-0.00012967154989595338,-1.9428409580633357e-05,-3.8145967827082645e-05,-0.00015506255690185075,-1.4234563501419303e-05,-1.1528508693579815e-05,5.8481322460428264e-05,4.3942520701451869e-06,1.6115159663407472e-05,2.8155076445137669e-05
0.041800000000000004,0,2.5546120905826606e-05,-3.8865368663304625e-05,-0.00013797918010346086,-2.0458932470537762e-05,-3.772718583195141e-05,-0.00016275995472811479,-1.4199887307598094e-05,-1.1801885559758374e-05,5.9235827912232766e-05,4.4788265791650615e-06,1.5931184815138369e-05,3.0419469971434197e-05
0.042000000000000003,0,2.5754287370968856e-05,-3.836741901503781e-05,-0.00014626912143019189,-2.148528555243183e-05,-3.7297587286986815e-05,-0.00017043497580271583,-1.4159989370049882e-05,-1.2063155324510255e-05,5.9925139519073364e-05,4.5610027458031238e-06,1.5736021007714831e-05,3.2676429186524628e-05
0.042200000000000001,0,2.5937541103359072e-05,-3.7854501701361282e-05,-0.0001545371975929663,-2.2505232825422962e-05,-3.6855280370100494e-05,-0.00017808402473631332,-1.4113851669926769e-05,-1.2310874944847065e-05,6.0553258201729211e-05,4.6402919136878459e-06,1.5531341348675743e-05,3.4923647031453614e-05
0.0424,0,2.6096806611393389e-05,-3.7325436891368893e-05,-0.00016277902349374999,-2.351646022654948e-05,-3.6398404672170874e-05,-0.00018570328109995853,-1.4060405832902085e-05,-1.2543615788775338e-05,6.1124215898732302e-05,4.716215750231431e-06,1.5318830703419045e-05,3.7158965526439961e-05
0.042599999999999999,0,2.6233039738413858e-05,-3.6779108776626075e-05,-0.00017099001930605788,-2.4516596824496664e-05,-3.5925161926675958e-05,-0.0001932887118652343,-1.399854770821049e-05,-1.275998234789806e-05,6.1642061660833222e-05,4.7883085060909346e-06,1.5100157193396122e-05,3.9380376953702504e-05
0.042800000000000005,0,2.6347216649823699e-05,-3.621448948142443e-05,-0.00017916542725390981,-2.5503236764872424e-05,-3.5433845180545177e-05,-0.00020083608653438957,-1.3927152629975677e-05,-1.2958630717129723e-05,6.2110849435612886e-05,4.8561191428958908e-06,1.4876944515037501e-05,4.1586022235202304e-05
0.043000000000000003,0,2.644032295500925e-05,-3.5630660965816933e-05,-0.00018730033082847673,-2.6473961648218639e-05,-3.4922865943851003e-05,-0.00020834099471420188,-1.3845091073875726e-05,-1.3138286522767396e-05,6.25346274712717e-05,4.9192133207887252e-06,1.4650745555974859e-05,4.3774186720350259e-05
0.043200000000000002,0,2.6513343106786562e-05,-3.502683457373335e-05,-0.00019538967615406286,-2.7426363018929141e-05,-3.4390778897697677e-05,-0.00021579886585507989,-1.375124442080401e-05,-1.3297761993659839e-05,6.2917429240159849e-05,4.9771752393034276e-06,1.4423017754180729e-05,4.5943293636000901e-05
0.043400000000000001,0,2.6567250215873332e-05,-3.4402367924435873e-05,-0.00020342829518729048,-2.8358064645501688e-05,-3.3836303787843845e-05,-0.00022320499085016712,-1.364452054341296e-05,-1.3435971889173984e-05,6.3263265757338777e-05,5.0296093269589669e-06,1.419510060710663e-05,4.8091895482142774e-05
0.0436,0,2.6602996411016349e-05,-3.3756778895801664e-05,-0.00021141093041159297,-2.9266744279966635e-05,-3.3258344185297673e-05,-0.00023055454516822429,-1.3523868941044252e-05,-1.3551948021616963e-05,6.3576119147739637e-05,5.0761417766381592e-06,1.396819569259618e-05,5.0218663681290947e-05
0.043799999999999999,0,2.6621503866956667e-05,-3.3089756501507279e-05,-0.00021933226067356908,-3.0150154596721812e-05,-3.2656002853348356e-05,-0.000237842613179039,-1.3388295163217174e-05,-1.3644852139189605e-05,6.3859937297596023e-05,5.11642192533931e-06,1.3743349512228921e-05,5.232237680750463e-05
0.044000000000000004,0,2.6623656612479363e-05,-3.2401168520195184e-05,-0.00022718692779848533,-3.1006143028094164e-05,-3.2028593522186774e-05,-0.00024506421332111871,-1.323687428114132e-05,-1.3713986967806179e-05,6.4118629411988795e-05,5.1501234782114235e-06,1.3521439411848736e-05,5.4401907732137506e-05
0.044200000000000003,0,2.6610293219477406e-05,-3.1691065792156125e-05,-0.00023496956361919693,-3.1832670235401002e-05,-3.1375648936318632e-05,-0.00025221432375844004,-1.3068763190134627e-05,-1.3758805245536671e-05,6.4356062290687669e-05,5.1769455779080269e-06,1.3303162774455604e-05,5.6456210027952024e-05
0.044400000000000002,0,2.6582200461379681e-05,-3.095968315698677e-05,-0.00024267481705585089,-3.2627826979685968e-05,-3.0696925105261295e-05,-0.00025928790817592701,-1.2883211552790273e-05,-1.3778916621286559e-05,6.4576057129067874e-05,5.1966137212178489e-06,1.3089029618546139e-05,5.8484303971279758e-05
0.044600000000000001,0,2.6540108015587431e-05,-3.0207437063112099e-05,-0.00025029738089269035,-3.3389849185183904e-05,-2.9992401753413611e-05,-0.00026627994137188731,-1.2679571222619129e-05,-1.3774092328867705e-05,6.4782386649706329e-05,5.2088805256601544e-06,1.2879358671557774e-05,6.0485262473788134e-05
0.0448,0,2.6484684269881584e-05,-2.9434919936052766e-05,-0.00025783201791276176,-3.4117131020399119e-05,-2.9262279029385062e-05,-0.00027318543431953081,-1.2457304020031524e-05,-1.374426758805883e-05,6.497877237322999e-05,5.2135263492790846e-06,1.2674276924487777e-05,6.2458197261518349e-05
0.045000000000000005,0,2.6416533277270923e-05,-2.8642891445965081e-05,-0.00026527358607090796,-3.4808235855893521e-05,-2.8506970597390716e-05,-0.00027999945838853168,-1.2215987766220965e-05,-1.3689541724830217e-05,6.5168881843938783e-05,5.2103597672527067e-06,1.2473722611187451e-05,6.4402245599679751e-05
0.045200000000000004,0,2.6336192887627186e-05,-2.7832266865434201e-05,-0.00027261706240961552,-3.546190499387192e-05,-2.7727093292538148e-05,-0.000286717168440899,-1.1955320515070114e-05,-1.3610176042853184e-05,6.5356325636428347e-05,5.1992179091698604e-06,1.2277451495398083e-05,6.6316557837786644e-05
0.045400000000000003,0,2.6244134067889841e-05,-2.7004102754975702e-05,-0.00027985756545050803,-3.607706410179449e-05,-2.692345357699748e-05,-0.00029333382454265589,-1.1675122957916495e-05,-1.3506589516997305e-05,6.5544653983603404e-05,5.1799666609456709e-06,1.20850462913644e-05,6.8200286021732995e-05
0.045600000000000002,0,2.6140761405824282e-05,-2.6159580255490573e-05,-0.000286990375825923,-3.6652827319903009e-05,-2.6097031084286286e-05,-0.00029984481206340525,-1.1375339010210048e-05,-1.337935241604524e-05,6.5737352883754428e-05,5.1525007353724684e-06,1.1895928990818281e-05,7.0052573787995591e-05
0.0458,0,2.602641477549574e-05,-2.5299986303406643e-05,-0.00029401095494942708,-3.7188499050076583e-05,-2.5248959583445072e-05,-0.00030624565996915281,-1.1056034622115397e-05,-1.3229177995688213e-05,6.5937839564373361e-05,5.1167436152647063e-06,1.1709375821160819e-05,7.1872547721047315e-05
0.045999999999999999,0,2.5901372125997864e-05,-2.4426693114905415e-05,-0.00030091496156062745,-3.7683573470203763e-05,-2.4380505733063853e-05,-0.00031253205714910768,-1.0717394886349764e-05,-1.3056912433431407e-05,6.6149457202672904e-05,5.0726473730832999e-06,1.1524534517563955e-05,7.3659310318982649e-05
0.046200000000000005,0,2.5765853338775311e-05,-2.354113631006138e-05,-0.00030769826601753306,-3.813773185365948e-05,-2.3493046026401891e-05,-0.00031869986665391528,-1.0359719545447441e-05,-1.286352320383867e-05,6.637546882687889e-05,5.0201923708444087e-06,1.134044355612072e-05,7.5411934675040531e-05
0.046400000000000004,0,2.5620025083331129e-05,-2.2644792065604753e-05,-0.00031435696224831272,-3.8550837806926179e-05,-2.2588042352803411e-05,-0.00032474513776022015,-9.9834170267113803e-06,-1.2650086115163375e-05,6.6619050347795127e-05,4.9593868440564899e-06,1.1156052966620184e-05,7.7129460944888717e-05
0.046600000000000003,0,2.546400658643815e-05,-2.1739153696164583e-05,-0.00032088737731290158,-3.8922930569357375e-05,-2.1667016616965407e-05,-0.00033066411581393927,-9.5889971559302031e-06,-1.2417771246518474e-05,6.6883282696387786e-05,4.8902663734108087e-06,1.0970246322394583e-05,7.8810894631912604e-05
0.046800000000000001,0,2.5297876216400162e-05,-2.0825708068177592e-05,-0.00032728607856286133,-3.925421654705618e-05,-2.0731524866207044e-05,-0.00033645324984150123,-9.1770627201603392e-06,-1.2167828038097803e-05,6.7171143069689638e-05,4.8128932479951289e-06,1.0781863491222883e-05,8.0455206686006825e-05
0.047,0,2.5121678771645731e-05,-1.9905912248193178e-05,-0.00033354987842457721,-3.9545059277394986e-05,-1.9783131376705261e-05,-0.0003421091979539558,-8.7483000652353747e-06,-1.1901569795431824e-05,6.7485495313675636e-05,4.7273557239239921e-06,1.0589723725574056e-05,8.206133537613184e-05
0.047199999999999999,0,2.4935433352185493e-05,-1.8981170778211776e-05,-0.00033967583686568802,-3.9795968041463254e-05,-1.8823383142812371e-05,-0.00034762883060270521,-8.3034689249894418e-06,-1.1620357872198251e-05,6.7829079497414596e-05,4.6337671824938128e-06,1.0392648672485185e-05,8.3628189863741963e-05
0.047400000000000005,0,2.4739141683406047e-05,-1.8052813955214748e-05,-0.00034566126163707017,-4.0007585358395847e-05,-1.7853785199301222e-05,-0.00035300923177712461,-7.8433916863754904e-06,-1.1325585794760329e-05,6.820450075728381e-05,4.5322651922834678e-06,1.018948489290787e-05,8.5154655373639206e-05
0.047600000000000003,0,2.453279675447442e-05,-1.7122077470532989e-05,-0.00035150370641225326,-4.0180673607875437e-05,-1.6875777185056379e-05,-0.00035824769826305644,-7.3689422977136772e-06,-1.1018663585511969e-05,6.8614217512899867e-05,4.4230104800334643e-06,9.9791254970974964e-06,8.6639599831295116e-05
0.047800000000000002,0,2.4316391628426495e-05,-1.6190083737605841e-05,-0.00035720096697243947,-4.0316101034968808e-05,-1.5890711528824651e-05,-0.00036334173710667511,-6.8810350262932416e-06,-1.0701002531495035e-05,6.9060529177262047e-05,4.306185815645015e-06,9.7605305261184008e-06,8.8081881811592847e-05
0.048000000000000001,0,2.4089928277923851e-05,-1.5257825204534811e-05,-0.00036275107560799195,-4.0414827394776095e-05,-1.4899833603737185e-05,-0.00036828906145018798,-6.3806132666241371e-06,-1.0374000629925134e-05,6.9545563502061526e-05,4.1819948172367458e-06,9.5327457392311394e-06,8.9480359623559925e-05
